All_num_layers,Classifier_hidden,Classifier_num_layers,GPR,HCHA_symdegnorm,HNHN_alpha,HNHN_beta,HNHN_nonlinear_inbetween,HyperGCN_fast,HyperGCN_mediators,LearnMask,MLP_hidden,MLP_num_layers,PMA,T,UniGNN_degE,UniGNN_degV,UniGNN_use_norm,acc_drop%,add_self_loop,adv_test,adv_train,adv_val,aggregate,alpha,attack,beta,clean_test,clean_train,clean_val,cuda,dataset,deepset_input_norm,deg_shift_l1,deg_shift_l2,deg_shift_linf,display_step,dname,dropout,edge_card_shift_l1,edge_card_shift_l2,edge_card_shift_linf,embedding_shift,epochs,epsilon,eta_H,eta_X,exclude_self,exec_time,feature_noise,gamma,h_l0,heads,laplacian_norm,lr,method,model,normalization,normtype,num_classes,num_edges,num_edges_perturbed,num_epochs_sur,num_features,num_to_perturb,num_vertices,output_heads,patience,perturb_prop,perturb_type,ptb_rate,runs,seed,semantic_change,train_prop,valid_prop,wd,x_linf
1,256,1,False,False,-1.5,-0.5,True,True,True,False,512,2,True,50,0,0,False,6.382978723404251,True,0.7149187592319055,0.9748892171344166,0.7666174298375185,mean,0.01,mla,0.0,0.7636632200886263,0.9763663220088626,0.8050221565731167,1,co-cora,True,1112.0,344.75787353515625,343.0,-1,cora,0.5,1120.0,43.011627197265625,5.0,155.44110107421875,1000,0.0,0.01,0.01,False,86.69808220863342,0.0,2.0,1120,1,6.448214530944824,0.001,HGNN,HGNN,ln,all_one,7,7494,1120.0,50,1433,1498,2708,1,150,0.0,replace,0.2,1,11,0.0,0.25,0.25,0.0,0.0
1,256,1,False,False,-1.5,-0.5,True,True,True,False,512,2,True,50,0,0,False,4.642166344293995,True,0.7282127031019203,0.9748892171344166,0.7680945347119646,mean,0.1,mla,0.0,0.7636632200886263,0.9763663220088626,0.8050221565731167,1,co-cora,True,1246.0,661.656982421875,661.0,-1,cora,0.5,1248.0,44.45222091674805,4.0,145.67420959472656,1000,0.0,0.01,0.01,False,86.17035102844238,0.0,2.0,1248,1,5.998789310455322,0.001,HGNN,HGNN,ln,all_one,7,7494,1248.0,50,1433,1498,2708,1,150,0.0,replace,0.2,1,11,0.0,0.25,0.25,0.0,0.0
1,256,1,False,False,-1.5,-0.5,True,True,True,False,512,2,True,50,0,0,False,1.5473887814313265,True,0.7518463810930577,0.9763663220088626,0.774002954209749,mean,1.0,mla,0.0,0.7636632200886263,0.9763663220088626,0.8050221565731167,1,co-cora,True,915.0,659.2806396484375,659.0,-1,cora,0.5,919.0,34.65544509887695,3.0,98.90861511230469,1000,0.0,0.01,0.01,False,86.90123844146729,0.0,2.0,921,1,4.85189962387085,0.001,HGNN,HGNN,ln,all_one,7,7494,921.0,50,1433,1498,2708,1,150,0.0,replace,0.2,1,11,0.0,0.25,0.25,0.0,0.0
1,256,1,False,False,-1.5,-0.5,True,True,True,False,512,2,True,50,0,0,False,1.5473887814313265,True,0.7518463810930577,0.9734121122599705,0.775480059084195,mean,2.0,mla,0.0,0.7636632200886263,0.9763663220088626,0.8050221565731167,1,co-cora,True,924.0,675.2688598632812,675.0,-1,cora,0.5,928.0,34.78505325317383,4.0,97.72767639160156,1000,0.0,0.01,0.01,False,85.53074669837952,0.0,2.0,930,1,4.86098575592041,0.001,HGNN,HGNN,ln,all_one,7,7494,930.0,50,1433,1498,2708,1,150,0.0,replace,0.2,1,11,0.0,0.25,0.25,0.0,0.0
1,256,1,False,False,-1.5,-0.5,True,True,True,False,512,2,True,50,0,0,False,1.3539651837524107,True,0.7533234859675038,0.9748892171344166,0.7799113737075333,mean,10.0,mla,0.0,0.7636632200886263,0.9763663220088626,0.8050221565731167,1,co-cora,True,923.0,682.2543334960938,682.0,-1,cora,0.5,927.0,34.77067565917969,4.0,95.58199310302734,1000,0.0,0.01,0.01,False,86.92176675796509,0.0,2.0,929,1,4.847879886627197,0.001,HGNN,HGNN,ln,all_one,7,7494,929.0,50,1433,1498,2708,1,150,0.0,replace,0.2,1,11,0.0,0.25,0.25,0.0,0.0
1,256,1,False,False,-1.5,-0.5,True,True,True,False,512,2,True,50,0,0,False,1.6441005802707915,True,0.7511078286558346,0.9748892171344166,0.7784342688330872,mean,4.0,mla,0.0,0.7636632200886263,0.9763663220088626,0.8050221565731167,1,co-cora,True,922.0,679.2598876953125,679.0,-1,cora,0.5,926.0,34.69870376586914,4.0,96.41996765136719,1000,0.0,0.01,0.01,False,85.05828309059143,0.0,2.0,928,1,4.846090316772461,0.001,HGNN,HGNN,ln,all_one,7,7494,928.0,50,1433,1498,2708,1,150,0.0,replace,0.2,1,11,0.0,0.25,0.25,0.0,0.0
1,256,1,False,False,-1.5,-0.5,True,True,True,False,512,2,True,50,0,0,False,4.784688995215315,True,0.7348596750369276,0.9601181683899558,0.7311669128508125,mean,0.1,mla,0.0,0.7717872968980798,0.9763663220088626,0.7680945347119646,1,co-cora,True,1013.0,414.0760803222656,413.0,-1,cora,0.5,1017.0,39.6862678527832,4.0,116.74957275390625,1000,0.0,0.01,0.01,False,86.657466173172,0.0,2.0,1019,1,5.854196071624756,0.001,HGNN,HGNN,ln,all_one,7,7494,1019.0,50,1433,1498,2708,1,150,0.0,replace,0.2,1,12,0.0,0.25,0.25,0.0,0.0
1,256,1,False,False,-1.5,-0.5,True,True,True,False,512,2,True,50,0,0,False,6.507177033492817,True,0.7215657311669129,0.9630723781388479,0.7223042836041359,mean,0.01,mla,0.0,0.7717872968980798,0.9763663220088626,0.7680945347119646,1,co-cora,True,1120.0,346.7650451660156,345.0,-1,cora,0.5,1120.0,42.825225830078125,4.0,135.42420959472656,1000,0.0,0.01,0.01,False,86.19148921966553,0.0,2.0,1122,1,6.4452996253967285,0.001,HGNN,HGNN,ln,all_one,7,7494,1122.0,50,1433,1498,2708,1,150,0.0,replace,0.2,1,12,0.0,0.25,0.25,0.0,0.0
1,256,1,False,False,-1.5,-0.5,True,True,True,False,512,2,True,50,0,0,False,2.488038277511963,True,0.7525849335302807,0.9660265878877401,0.7429837518463811,mean,1.0,mla,0.0,0.7717872968980798,0.9763663220088626,0.7680945347119646,1,co-cora,True,780.0,495.3907470703125,495.0,-1,cora,0.5,784.0,31.654382705688477,3.0,81.42635345458984,1000,0.0,0.01,0.01,False,87.01718330383301,0.0,2.0,786,1,4.585178375244141,0.001,HGNN,HGNN,ln,all_one,7,7494,786.0,50,1433,1498,2708,1,150,0.0,replace,0.2,1,12,0.0,0.25,0.25,0.0,0.0
1,256,1,False,False,-1.5,-0.5,True,True,True,False,512,2,True,50,0,0,False,2.2966507177033515,True,0.7540620384047267,0.9719350073855244,0.7503692762186116,mean,2.0,mla,0.0,0.7717872968980798,0.9763663220088626,0.7680945347119646,1,co-cora,True,751.0,484.3707275390625,484.0,-1,cora,0.5,755.0,31.0,3.0,78.16202545166016,1000,0.0,0.01,0.01,False,86.02751207351685,0.0,2.0,757,1,4.4843220710754395,0.001,HGNN,HGNN,ln,all_one,7,7494,757.0,50,1433,1498,2708,1,150,0.0,replace,0.2,1,12,0.0,0.25,0.25,0.0,0.0
1,256,1,False,False,-1.5,-0.5,True,True,True,False,512,2,True,50,0,0,False,2.1052631578947403,True,0.7555391432791728,0.9719350073855244,0.7518463810930577,mean,10.0,mla,0.0,0.7717872968980798,0.9763663220088626,0.7680945347119646,1,co-cora,True,748.0,482.3650207519531,482.0,-1,cora,0.5,752.0,30.789608001708984,3.0,77.47755432128906,1000,0.0,0.01,0.01,False,86.77260327339172,0.0,2.0,754,1,4.480926990509033,0.001,HGNN,HGNN,ln,all_one,7,7494,754.0,50,1433,1498,2708,1,150,0.0,replace,0.2,1,12,0.0,0.25,0.25,0.0,0.0
1,256,1,False,False,-1.5,-0.5,True,True,True,False,512,2,True,50,0,0,False,2.2966507177033515,True,0.7540620384047267,0.9719350073855244,0.7488921713441655,mean,4.0,mla,0.0,0.7717872968980798,0.9763663220088626,0.7680945347119646,1,co-cora,True,748.0,486.3558349609375,486.0,-1,cora,0.5,752.0,30.8544979095459,3.0,77.86549377441406,1000,0.0,0.01,0.01,False,86.40889573097229,0.0,2.0,754,1,4.47812557220459,0.001,HGNN,HGNN,ln,all_one,7,7494,754.0,50,1433,1498,2708,1,150,0.0,replace,0.2,1,12,0.0,0.25,0.25,0.0,0.0
1,256,1,False,False,-1.5,-0.5,True,True,True,False,512,2,True,50,0,0,False,6.479690522243716,True,0.7141802067946824,0.9748892171344166,0.7607090103397341,mean,0.01,mla,0.01,0.7636632200886263,0.9763663220088626,0.8050221565731167,1,co-cora,True,954.0,186.27935791015625,183.0,-1,cora,0.5,962.0,38.41874694824219,5.0,151.47821044921875,1000,0.0,0.01,0.01,False,86.56755709648132,0.0,2.0,962,1,6.39920711517334,0.001,HGNN,HGNN,ln,all_one,7,7494,962.0,50,1433,1498,2708,1,150,0.0,replace,0.2,1,11,0.0,0.25,0.25,0.0,0.0
1,256,1,False,False,-1.5,-0.5,True,True,True,False,512,2,True,50,0,0,False,5.996131528046419,True,0.7178729689807977,0.9689807976366323,0.7592319054652881,mean,0.01,mla,0.1,0.7636632200886263,0.9763663220088626,0.8050221565731167,1,co-cora,True,823.0,53.26349639892578,40.0,-1,cora,0.5,831.0,35.028560638427734,5.0,147.42880249023438,1000,0.0,0.01,0.01,False,85.6539716720581,0.0,2.0,831,1,6.357337951660156,0.001,HGNN,HGNN,ln,all_one,7,7494,831.0,50,1433,1498,2708,1,150,0.0,replace,0.2,1,11,0.0,0.25,0.25,0.0,0.0
1,256,1,False,False,-1.5,-0.5,True,True,True,False,512,2,True,50,0,0,False,9.284332688588002,True,0.6927621861152142,0.9675036927621862,0.7311669128508125,mean,0.01,mla,2.0,0.7636632200886263,0.9763663220088626,0.8050221565731167,1,co-cora,True,940.0,337.60333251953125,336.0,-1,cora,0.5,944.0,44.58699417114258,9.0,174.8441925048828,1000,0.0,0.01,0.01,False,83.53309607505798,0.0,2.0,956,1,7.131695747375488,0.001,HGNN,HGNN,ln,all_one,7,7494,956.0,50,1433,1498,2708,1,150,0.0,replace,0.2,1,11,0.0,0.25,0.25,0.0,0.0
1,256,1,False,False,-1.5,-0.5,True,True,True,False,512,2,True,50,0,0,False,7.736943907156661,True,0.704579025110783,0.9719350073855244,0.7503692762186116,mean,0.01,mla,1.0,0.7636632200886263,0.9763663220088626,0.8050221565731167,1,co-cora,True,1199.0,404.59979248046875,403.0,-1,cora,0.5,1197.0,44.35087203979492,5.0,180.51107788085938,1000,0.0,0.01,0.01,False,83.49620079994202,0.0,2.0,1205,1,7.141519546508789,0.001,HGNN,HGNN,ln,all_one,7,7494,1205.0,50,1433,1498,2708,1,150,0.0,replace,0.2,1,11,0.0,0.25,0.25,0.0,0.0
1,256,1,False,False,-1.5,-0.5,True,True,True,False,512,2,True,50,0,0,False,1.160541586073495,True,0.7548005908419498,0.9822747415066471,0.7902511078286559,mean,0.01,mla,4.0,0.7636632200886263,0.9763663220088626,0.8050221565731167,1,co-cora,True,803.0,634.1427001953125,634.0,-1,cora,0.5,691.0,26.77685546875,3.0,78.82727813720703,1000,0.0,0.01,0.01,False,83.55815601348877,0.0,2.0,811,1,4.037914276123047,0.001,HGNN,HGNN,ln,all_one,7,7494,811.0,50,1433,1498,2708,1,150,0.0,replace,0.2,1,11,0.0,0.25,0.25,0.0,0.0
1,256,1,False,False,-1.5,-0.5,True,True,True,False,512,2,True,50,0,0,False,0.676982591876198,True,0.7584933530280651,0.980797636632201,0.7976366322008863,mean,0.01,mla,10.0,0.7636632200886263,0.9763663220088626,0.8050221565731167,1,co-cora,True,768.0,682.0674438476562,682.0,-1,cora,0.5,706.0,26.60826873779297,2.0,75.2724380493164,1000,0.0,0.01,0.01,False,83.51264572143555,0.0,2.0,768,1,3.328941822052002,0.001,HGNN,HGNN,ln,all_one,7,7494,768.0,50,1433,1498,2708,1,150,0.0,replace,0.2,1,11,0.0,0.25,0.25,0.0,0.0
1,256,1,False,False,-1.5,-0.5,True,True,True,False,512,2,True,50,0,0,False,6.985645933014354,True,0.7178729689807977,0.9615952732644019,0.7149187592319055,mean,0.01,mla,0.1,0.7717872968980798,0.9763663220088626,0.7680945347119646,1,co-cora,True,822.0,53.10367202758789,40.0,-1,cora,0.5,828.0,34.871192932128906,4.0,128.53712463378906,1000,0.0,0.01,0.01,False,87.13137984275818,0.0,2.0,830,1,6.337357044219971,0.001,HGNN,HGNN,ln,all_one,7,7494,830.0,50,1433,1498,2708,1,150,0.0,replace,0.2,1,12,0.0,0.25,0.25,0.0,0.0
1,256,1,False,False,-1.5,-0.5,True,True,True,False,512,2,True,50,0,0,False,6.985645933014354,True,0.7178729689807977,0.9630723781388479,0.7178729689807977,mean,0.01,mla,0.01,0.7717872968980798,0.9763663220088626,0.7680945347119646,1,co-cora,True,948.0,173.57418823242188,170.0,-1,cora,0.5,948.0,38.0,4.0,130.7032470703125,1000,0.0,0.01,0.01,False,87.02879571914673,0.0,2.0,950,1,6.379025936126709,0.001,HGNN,HGNN,ln,all_one,7,7494,950.0,50,1433,1498,2708,1,150,0.0,replace,0.2,1,12,0.0,0.25,0.25,0.0,0.0
1,256,1,False,False,-1.5,-0.5,True,True,True,False,512,2,True,50,0,0,False,6.602870813397131,True,0.7208271787296898,0.9497784342688331,0.7001477104874446,mean,0.01,mla,2.0,0.7717872968980798,0.9763663220088626,0.7680945347119646,1,co-cora,True,890.0,260.12689208984375,258.0,-1,cora,0.5,886.0,45.869380950927734,8.0,163.3610076904297,1000,0.0,0.01,0.01,False,86.90820121765137,0.0,2.0,896,1,7.226773738861084,0.001,HGNN,HGNN,ln,all_one,7,7494,896.0,50,1433,1498,2708,1,150,0.0,replace,0.2,1,12,0.0,0.25,0.25,0.0,0.0
1,256,1,False,False,-1.5,-0.5,True,True,True,False,512,2,True,50,0,0,False,8.229665071770336,True,0.7082717872968981,0.9615952732644019,0.7163958641063516,mean,0.01,mla,1.0,0.7717872968980798,0.9763663220088626,0.7680945347119646,1,co-cora,True,1192.0,360.9127197265625,359.0,-1,cora,0.5,1196.0,44.988887786865234,5.0,164.4849853515625,1000,0.0,0.01,0.01,False,86.25618314743042,0.0,2.0,1198,1,7.306402206420898,0.001,HGNN,HGNN,ln,all_one,7,7494,1198.0,50,1433,1498,2708,1,150,0.0,replace,0.2,1,12,0.0,0.25,0.25,0.0,0.0
1,256,1,False,False,-1.5,-0.5,True,True,True,False,512,2,True,50,0,0,False,1.6267942583732042,True,0.7592319054652881,0.9748892171344166,0.7607090103397341,mean,0.01,mla,4.0,0.7717872968980798,0.9763663220088626,0.7680945347119646,1,co-cora,True,854.0,680.13232421875,680.0,-1,cora,0.5,748.0,29.291637420654297,6.0,81.6495361328125,1000,0.0,0.01,0.01,False,83.49765276908875,0.0,2.0,868,1,4.096795558929443,0.001,HGNN,HGNN,ln,all_one,7,7494,868.0,50,1433,1498,2708,1,150,0.0,replace,0.2,1,12,0.0,0.25,0.25,0.0,0.0
1,256,1,False,False,-1.5,-0.5,True,True,True,False,512,2,True,50,0,0,False,1.2440191387559816,True,0.7621861152141802,0.9704579025110783,0.7592319054652881,mean,0.01,mla,10.0,0.7717872968980798,0.9763663220088626,0.7680945347119646,1,co-cora,True,894.0,814.0503540039062,814.0,-1,cora,0.5,826.0,28.809720993041992,2.0,76.5002670288086,1000,0.0,0.01,0.01,False,82.94924473762512,0.0,2.0,900,1,3.2967958450317383,0.001,HGNN,HGNN,ln,all_one,7,7494,900.0,50,1433,1498,2708,1,150,0.0,replace,0.2,1,12,0.0,0.25,0.25,0.0,0.0
1,256,1,False,False,-1.5,-0.5,True,True,True,False,512,2,True,50,0,0,False,6.286266924564786,True,0.7156573116691286,0.9660265878877401,0.7562776957163959,mean,0.0,mla,0.01,0.7636632200886263,0.9763663220088626,0.8050221565731167,1,co-cora,True,818.0,111.10355377197266,106.0,-1,cora,0.5,820.0,35.2136344909668,5.0,142.1156005859375,1000,0.0,0.01,0.01,False,86.61335015296936,0.0,2.0,820,1,6.122879505157471,0.001,HGNN,HGNN,ln,all_one,7,7494,820.0,50,1433,1498,2708,1,150,0.0,replace,0.2,1,11,0.0,0.25,0.25,0.0,0.0
1,256,1,False,False,-1.5,-0.5,True,True,True,False,512,2,True,50,0,0,False,6.382978723404251,True,0.7149187592319055,0.9704579025110783,0.7562776957163959,mean,0.0,mla,0.1,0.7636632200886263,0.9763663220088626,0.8050221565731167,1,co-cora,True,735.0,43.32435989379883,28.0,-1,cora,0.5,743.0,32.93933868408203,5.0,139.05645751953125,1000,0.0,0.01,0.01,False,86.48971033096313,0.0,2.0,743,1,6.08143424987793,0.001,HGNN,HGNN,ln,all_one,7,7494,743.0,50,1433,1498,2708,1,150,0.0,replace,0.2,1,11,0.0,0.25,0.25,0.0,0.0
1,256,1,False,False,-1.5,-0.5,True,True,True,False,512,2,True,50,0,0,False,8.897485493230171,True,0.6957163958641064,0.9601181683899558,0.7223042836041359,mean,0.0,mla,2.0,0.7636632200886263,0.9763663220088626,0.8050221565731167,1,co-cora,True,919.0,252.35887145996094,250.0,-1,cora,0.5,927.0,45.902069091796875,9.0,175.6572723388672,1000,0.0,0.01,0.01,False,86.66077756881714,0.0,2.0,935,1,7.330321788787842,0.001,HGNN,HGNN,ln,all_one,7,7494,935.0,50,1433,1498,2708,1,150,0.0,replace,0.2,1,11,0.0,0.25,0.25,0.0,0.0
1,256,1,False,False,-1.5,-0.5,True,True,True,False,512,2,True,50,0,0,False,8.123791102514508,True,0.7016248153618907,0.9660265878877401,0.7444608567208272,mean,0.0,mla,1.0,0.7636632200886263,0.9763663220088626,0.8050221565731167,1,co-cora,True,1037.0,262.20794677734375,260.0,-1,cora,0.5,1035.0,41.62931823730469,5.0,171.71066284179688,1000,0.0,0.01,0.01,False,86.53946852684021,0.0,2.0,1043,1,7.030646324157715,0.001,HGNN,HGNN,ln,all_one,7,7494,1043.0,50,1433,1498,2708,1,150,0.0,replace,0.2,1,11,0.0,0.25,0.25,0.0,0.0
1,256,1,False,False,-1.5,-0.5,True,True,True,False,512,2,True,50,0,0,False,0.5802707930367474,True,0.7592319054652881,0.9793205317577549,0.7902511078286559,mean,0.0,mla,10.0,0.7636632200886263,0.9763663220088626,0.8050221565731167,1,co-cora,True,890.0,831.0355224609375,831.0,-1,cora,0.5,844.0,29.086078643798828,2.0,88.56784057617188,1000,0.0,0.01,0.01,False,85.40929222106934,0.0,2.0,890,1,3.4551360607147217,0.001,HGNN,HGNN,ln,all_one,7,7494,890.0,50,1433,1498,2708,1,150,0.0,replace,0.2,1,11,0.0,0.25,0.25,0.0,0.0
1,256,1,False,False,-1.5,-0.5,True,True,True,False,512,2,True,50,0,0,False,1.8375241779497076,True,0.7496307237813885,0.9748892171344166,0.7946824224519942,mean,0.0,mla,4.0,0.7636632200886263,0.9763663220088626,0.8050221565731167,1,co-cora,True,801.0,640.1398315429688,640.0,-1,cora,0.5,761.0,40.01249694824219,24.0,102.34675598144531,1000,0.0,0.01,0.01,False,83.97525906562805,0.0,2.0,841,1,4.671646595001221,0.001,HGNN,HGNN,ln,all_one,7,7494,841.0,50,1433,1498,2708,1,150,0.0,replace,0.2,1,11,0.0,0.25,0.25,0.0,0.0
1,256,1,False,False,-1.5,-0.5,True,True,True,False,512,2,True,50,0,0,False,6.602870813397131,True,0.7208271787296898,0.9615952732644019,0.7090103397341212,mean,0.0,mla,0.1,0.7717872968980798,0.9763663220088626,0.7680945347119646,1,co-cora,True,749.0,40.95119094848633,24.0,-1,cora,0.5,755.0,33.18132019042969,3.0,124.08242797851562,1000,0.0,0.01,0.01,False,86.84848642349243,0.0,2.0,757,1,6.165616989135742,0.001,HGNN,HGNN,ln,all_one,7,7494,757.0,50,1433,1498,2708,1,150,0.0,replace,0.2,1,12,0.0,0.25,0.25,0.0,0.0
1,256,1,False,False,-1.5,-0.5,True,True,True,False,512,2,True,50,0,0,False,6.985645933014354,True,0.7178729689807977,0.9571639586410636,0.7149187592319055,mean,0.0,mla,0.01,0.7717872968980798,0.9763663220088626,0.7680945347119646,1,co-cora,True,822.0,111.02252197265625,106.0,-1,cora,0.5,824.0,35.18522262573242,4.0,126.6417007446289,1000,0.0,0.01,0.01,False,86.21048617362976,0.0,2.0,824,1,6.179893493652344,0.001,HGNN,HGNN,ln,all_one,7,7494,824.0,50,1433,1498,2708,1,150,0.0,replace,0.2,1,12,0.0,0.25,0.25,0.0,0.0
1,256,1,False,False,-1.5,-0.5,True,True,True,False,512,2,True,50,0,0,False,8.421052631578945,True,0.706794682422452,0.9409158050221567,0.6838995568685378,mean,0.0,mla,2.0,0.7717872968980798,0.9763663220088626,0.7680945347119646,1,co-cora,True,921.0,200.19241333007812,197.0,-1,cora,0.5,917.0,49.24428939819336,9.0,166.2261962890625,1000,0.0,0.01,0.01,False,86.93682312965393,0.0,2.0,927,1,7.423593997955322,0.001,HGNN,HGNN,ln,all_one,7,7494,927.0,50,1433,1498,2708,1,150,0.0,replace,0.2,1,12,0.0,0.25,0.25,0.0,0.0
1,256,1,False,False,-1.5,-0.5,True,True,True,False,512,2,True,50,0,0,False,8.325358851674633,True,0.7075332348596751,0.9556868537666174,0.704579025110783,mean,0.0,mla,1.0,0.7717872968980798,0.9763663220088626,0.7680945347119646,1,co-cora,True,1094.0,296.0810852050781,294.0,-1,cora,0.5,1094.0,42.44997024536133,5.0,155.51002502441406,1000,0.0,0.01,0.01,False,86.73185658454895,0.0,2.0,1096,1,7.118211269378662,0.001,HGNN,HGNN,ln,all_one,7,7494,1096.0,50,1433,1498,2708,1,150,0.0,replace,0.2,1,12,0.0,0.25,0.25,0.0,0.0
1,256,1,False,False,-1.5,-0.5,True,True,True,False,512,2,True,50,0,0,False,2.009569377990427,True,0.7562776957163959,0.9719350073855244,0.7488921713441655,mean,0.0,mla,4.0,0.7717872968980798,0.9763663220088626,0.7680945347119646,1,co-cora,True,778.0,586.1996459960938,586.0,-1,cora,0.5,714.0,33.6749153137207,10.0,89.70903778076172,1000,0.0,0.01,0.01,False,86.58136248588562,0.0,2.0,798,1,4.455099582672119,0.001,HGNN,HGNN,ln,all_one,7,7494,798.0,50,1433,1498,2708,1,150,0.0,replace,0.2,1,12,0.0,0.25,0.25,0.0,0.0
1,256,1,False,False,-1.5,-0.5,True,True,True,False,512,2,True,50,0,0,False,1.5311004784688915,True,0.7599704579025112,0.9778434268833088,0.7548005908419498,mean,0.0,mla,10.0,0.7717872968980798,0.9763663220088626,0.7680945347119646,1,co-cora,True,916.0,865.0294799804688,865.0,-1,cora,0.5,866.0,29.46183967590332,2.0,76.37173461914062,1000,0.0,0.01,0.01,False,86.09794640541077,0.0,2.0,916,1,3.3992745876312256,0.001,HGNN,HGNN,ln,all_one,7,7494,916.0,50,1433,1498,2708,1,150,0.0,replace,0.2,1,12,0.0,0.25,0.25,0.0,0.0
1,256,1,False,False,-1.5,-0.5,True,True,True,False,512,2,True,50,0,0,False,9.284332688588002,True,0.6927621861152142,0.9675036927621862,0.7311669128508125,mean,0.01,mla,2.0,0.7636632200886263,0.9763663220088626,0.8050221565731167,1,co-cora,True,940.0,337.60333251953125,336.0,-1,cora,0.5,944.0,44.58699417114258,9.0,174.8441925048828,1000,0.0,0.01,0.01,False,86.96899652481079,0.0,2.0,956,1,7.131695747375488,0.001,HGNN,HGNN,ln,all_one,7,7494,956.0,50,1433,1498,2708,1,150,0.0,replace,0.2,1,11,0.0,0.25,0.25,0.0,0.0
1,256,1,False,False,-1.5,-0.5,True,True,True,False,512,2,True,50,0,0,False,0.38684719535783163,True,0.7607090103397341,0.9748892171344166,0.8020679468242246,mean,0.1,mla,2.0,0.7636632200886263,0.9763663220088626,0.8050221565731167,1,co-cora,True,108.0,66.60330200195312,48.0,-1,cora,0.5,114.0,10.770329475402832,2.0,47.90638732910156,1000,0.0,0.01,0.01,False,86.71371841430664,0.0,2.0,114,1,1.910309076309204,0.001,HGNN,HGNN,ln,all_one,7,7494,114.0,50,1433,1498,2708,1,150,0.0,replace,0.2,1,11,0.0,0.25,0.25,0.0,0.0
1,256,1,False,False,-1.5,-0.5,True,True,True,False,512,2,True,50,0,0,False,0.38684719535783163,True,0.7607090103397341,0.9763663220088626,0.7902511078286559,mean,1.0,mla,2.0,0.7636632200886263,0.9763663220088626,0.8050221565731167,1,co-cora,True,412.0,172.60939025878906,125.0,-1,cora,0.5,416.0,23.53720474243164,3.0,69.74767303466797,1000,0.0,0.01,0.01,False,86.53404641151428,0.0,2.0,418,1,3.7389464378356934,0.001,HGNN,HGNN,ln,all_one,7,7494,418.0,50,1433,1498,2708,1,150,0.0,replace,0.2,1,11,0.0,0.25,0.25,0.0,0.0
1,256,1,False,False,-1.5,-0.5,True,True,True,False,512,2,True,50,0,0,False,0.7736943907156633,True,0.757754800590842,0.9763663220088626,0.7932053175775481,mean,2.0,mla,2.0,0.7636632200886263,0.9763663220088626,0.8050221565731167,1,co-cora,True,509.0,246.01829528808594,228.0,-1,cora,0.5,513.0,27.513633728027344,3.0,76.5892562866211,1000,0.0,0.01,0.01,False,85.86409544944763,0.0,2.0,515,1,3.9866995811462402,0.001,HGNN,HGNN,ln,all_one,7,7494,515.0,50,1433,1498,2708,1,150,0.0,replace,0.2,1,11,0.0,0.25,0.25,0.0,0.0
1,256,1,False,False,-1.5,-0.5,True,True,True,False,512,2,True,50,0,0,False,2.224371373307539,True,0.7466765140324964,0.9719350073855244,0.7828655834564254,mean,10.0,mla,2.0,0.7636632200886263,0.9763663220088626,0.8050221565731167,1,co-cora,True,787.0,554.30224609375,554.0,-1,cora,0.5,791.0,32.140316009521484,3.0,88.71398162841797,1000,0.0,0.01,0.01,False,83.91202235221863,0.0,2.0,793,1,4.68980073928833,0.001,HGNN,HGNN,ln,all_one,7,7494,793.0,50,1433,1498,2708,1,150,0.0,replace,0.2,1,11,0.0,0.25,0.25,0.0,0.0
1,256,1,False,False,-1.5,-0.5,True,True,True,False,512,2,True,50,0,0,False,1.8375241779497076,True,0.7496307237813885,0.9734121122599705,0.7858197932053176,mean,4.0,mla,2.0,0.7636632200886263,0.9763663220088626,0.8050221565731167,1,co-cora,True,607.0,388.3928527832031,388.0,-1,cora,0.5,611.0,28.089143753051758,3.0,81.23064422607422,1000,0.0,0.01,0.01,False,83.55338382720947,0.0,2.0,613,1,4.429945468902588,0.001,HGNN,HGNN,ln,all_one,7,7494,613.0,50,1433,1498,2708,1,150,0.0,replace,0.2,1,11,0.0,0.25,0.25,0.0,0.0
1,256,1,False,False,-1.5,-0.5,True,True,True,False,512,2,True,50,0,0,False,6.602870813397131,True,0.7208271787296898,0.9497784342688331,0.7001477104874446,mean,0.01,mla,2.0,0.7717872968980798,0.9763663220088626,0.7680945347119646,1,co-cora,True,890.0,260.12689208984375,258.0,-1,cora,0.5,886.0,45.869380950927734,8.0,163.3610076904297,1000,0.0,0.01,0.01,False,86.92735147476196,0.0,2.0,896,1,7.226773738861084,0.001,HGNN,HGNN,ln,all_one,7,7494,896.0,50,1433,1498,2708,1,150,0.0,replace,0.2,1,12,0.0,0.25,0.25,0.0,0.0
1,256,1,False,False,-1.5,-0.5,True,True,True,False,512,2,True,50,0,0,False,0.7655502392344458,True,0.7658788774002955,0.9763663220088626,0.7666174298375185,mean,0.1,mla,2.0,0.7717872968980798,0.9763663220088626,0.7680945347119646,1,co-cora,True,128.0,75.9868392944336,57.0,-1,cora,0.5,128.0,11.661903381347656,2.0,36.600807189941406,1000,0.0,0.01,0.01,False,85.63763999938965,0.0,2.0,128,1,1.9951438903808594,0.001,HGNN,HGNN,ln,all_one,7,7494,128.0,50,1433,1498,2708,1,150,0.0,replace,0.2,1,12,0.0,0.25,0.25,0.0,0.0
1,256,1,False,False,-1.5,-0.5,True,True,True,False,512,2,True,50,0,0,False,2.1052631578947403,True,0.7555391432791728,0.9689807976366323,0.7533234859675038,mean,1.0,mla,2.0,0.7717872968980798,0.9763663220088626,0.7680945347119646,1,co-cora,True,449.0,182.61708068847656,135.0,-1,cora,0.5,453.0,24.433584213256836,3.0,63.24665451049805,1000,0.0,0.01,0.01,False,85.68798851966858,0.0,2.0,455,1,3.797459125518799,0.001,HGNN,HGNN,ln,all_one,7,7494,455.0,50,1433,1498,2708,1,150,0.0,replace,0.2,1,12,0.0,0.25,0.25,0.0,0.0
1,256,1,False,False,-1.5,-0.5,True,True,True,False,512,2,True,50,0,0,False,2.488038277511963,True,0.7525849335302807,0.9689807976366323,0.7518463810930577,mean,2.0,mla,2.0,0.7717872968980798,0.9763663220088626,0.7680945347119646,1,co-cora,True,542.0,238.08401489257812,214.0,-1,cora,0.5,546.0,27.166154861450195,3.0,69.09270477294922,1000,0.0,0.01,0.01,False,85.64653015136719,0.0,2.0,548,1,4.123058795928955,0.001,HGNN,HGNN,ln,all_one,7,7494,548.0,50,1433,1498,2708,1,150,0.0,replace,0.2,1,12,0.0,0.25,0.25,0.0,0.0
1,256,1,False,False,-1.5,-0.5,True,True,True,False,512,2,True,50,0,0,False,1.9138755980861142,True,0.757016248153619,0.9704579025110783,0.7548005908419498,mean,4.0,mla,2.0,0.7717872968980798,0.9763663220088626,0.7680945347119646,1,co-cora,True,581.0,336.4595031738281,336.0,-1,cora,0.5,585.0,26.324893951416016,3.0,71.7508773803711,1000,0.0,0.01,0.01,False,86.90657162666321,0.0,2.0,587,1,4.277309894561768,0.001,HGNN,HGNN,ln,all_one,7,7494,587.0,50,1433,1498,2708,1,150,0.0,replace,0.2,1,12,0.0,0.25,0.25,0.0,0.0
1,256,1,False,False,-1.5,-0.5,True,True,True,False,512,2,True,50,0,0,False,1.9138755980861142,True,0.757016248153619,0.9704579025110783,0.7562776957163959,mean,10.0,mla,2.0,0.7717872968980798,0.9763663220088626,0.7680945347119646,1,co-cora,True,655.0,396.4303283691406,396.0,-1,cora,0.5,659.0,28.513154983520508,3.0,74.85136413574219,1000,0.0,0.01,0.01,False,85.44897937774658,0.0,2.0,661,1,4.4051833152771,0.001,HGNN,HGNN,ln,all_one,7,7494,661.0,50,1433,1498,2708,1,150,0.0,replace,0.2,1,12,0.0,0.25,0.25,0.0,0.0
1,256,1,False,False,-1.5,-0.5,True,True,True,False,512,2,True,50,0,0,False,9.864603481624751,True,0.688330871491876,0.9586410635155097,0.7178729689807977,mean,0.001,mla,2.0,0.7636632200886263,0.9763663220088626,0.8050221565731167,1,co-cora,True,922.0,232.70582580566406,230.0,-1,cora,0.5,928.0,45.97825622558594,8.0,177.50526428222656,1000,0.0,0.01,0.01,False,86.75219964981079,0.0,2.0,936,1,7.408310413360596,0.001,HGNN,HGNN,ln,all_one,7,7494,936.0,50,1433,1498,2708,1,150,0.0,replace,0.2,1,11,0.0,0.25,0.25,0.0,0.0
1,256,1,False,False,-1.5,-0.5,True,True,True,False,512,2,True,50,0,0,False,8.995215311004781,True,0.7023633677991138,0.9379615952732645,0.6942392909896603,mean,0.001,mla,2.0,0.7717872968980798,0.9763663220088626,0.7680945347119646,1,co-cora,True,932.0,192.50454711914062,189.0,-1,cora,0.5,930.0,49.759422302246094,9.0,168.41075134277344,1000,0.0,0.01,0.01,False,86.36890912055969,0.0,2.0,938,1,7.559317588806152,0.001,HGNN,HGNN,ln,all_one,7,7494,938.0,50,1433,1498,2708,1,150,0.0,replace,0.2,1,12,0.0,0.25,0.25,0.0,0.0
1,256,1,False,False,-1.5,-0.5,True,True,True,False,512,2,True,50,0,0,False,5.6092843326885875,True,0.7208271787296898,0.9748892171344166,0.757754800590842,mean,0.0,mla,0.0,0.7636632200886263,0.9763663220088626,0.8050221565731167,1,co-cora,True,1169.0,462.1915283203125,461.0,-1,cora,0.5,1169.0,44.21538162231445,5.0,154.64639282226562,1000,0.0,0.01,0.01,False,83.8898138999939,0.0,2.0,1171,1,6.291969299316406,0.001,HGNN,HGNN,ln,all_one,7,7494,1171.0,50,1433,1498,2708,1,150,0.0,replace,0.2,1,11,0.0,0.25,0.25,0.0,0.0
1,256,1,False,False,-1.5,-0.5,True,True,True,False,512,2,True,50,0,0,False,7.4641148325358895,True,0.7141802067946824,0.9601181683899558,0.7193500738552437,mean,0.0,mla,0.0,0.7717872968980798,0.9763663220088626,0.7680945347119646,1,co-cora,True,1209.0,493.1095275878906,492.0,-1,cora,0.5,1211.0,44.88875198364258,4.0,138.64511108398438,1000,0.0,0.01,0.01,False,82.77139258384705,0.0,2.0,1211,1,6.346076011657715,0.001,HGNN,HGNN,ln,all_one,7,7494,1211.0,50,1433,1498,2708,1,150,0.0,replace,0.2,1,12,0.0,0.25,0.25,0.0,0.0
